id,category,name_en,name_de,description_en,description_de,price,image,available
D1,Dishes,Chicken Yassa,Hähnchen Yassa,"Senegalese grilled chicken, lemon-onion sauce","Senegalesisches Grillhähnchen mit Zitronen-Zwiebel-Sauce",13.90,,TRUE
D2,Dishes,Jollof Rice,Reis Jollof,"Tomato-based rice, mild spices","Reis in Tomatensauce mit milden Gewürzen",9.50,,TRUE
D3,Dishes,Peanut Stew (Mafé),Erdnuss-Eintopf (Mafé),"Beef in creamy peanut sauce","Rindfleisch in cremiger Erdnusssauce",12.50,,TRUE
D4,Dishes,Grilled Fish,Gegrillter Fisch,"Marinated fish with herbs","Marinierter Fisch mit Kräutern",14.90,,TRUE
K1,Drinks,Fresh Ginger Juice,Frischer Ingwersaft,"Homemade ginger lemonade","Hausgemachte Ingwerlimonade",4.50,,TRUE
K2,Drinks,Hibiscus Bissap,Hibiskus Bissap,"Chilled hibiscus drink","Gekühltes Hibiskusgetränk",3.90,,TRUE
K3,Drinks,Cola,Cola,,"",2.90,,TRUE
K4,Drinks,Still Water (0.5L),Wasser still (0,5L),, ,2.50,,TRUE
